zone_id,n,mae,rmse,avg_pickups,p95_pickups,borough,zone_name,service_zone,mae_perc_of_avg
132,168,26.98174432103979,35.00265378418404,166.2202380952381,331.50000000000006,Queens,JFK Airport,Airports,0.1623252657451991
138,148,26.091461170058952,32.96093556107882,131.6891891891892,255.65,Queens,LaGuardia Airport,Airports,0.19812910483164314
186,169,24.275014566172228,35.40846351141192,144.95857988165682,276.4,Manhattan,Penn Station/Madison Sq West,Yellow Zone,0.16746173000584155
142,166,23.839467483525688,44.05541824490473,140.53012048192772,294.0,Manhattan,Lincoln Square East,Yellow Zone,0.16963955771027364
237,167,21.46362222681135,30.27157604762992,211.37125748502993,429.7,Manhattan,Upper East Side South,Yellow Zone,0.10154465882539153
236,164,21.063178396512942,29.473947748937757,203.53048780487805,407.94999999999993,Manhattan,Upper East Side North,Yellow Zone,0.10348905770179222
161,167,19.84129472621309,31.69013382636652,208.562874251497,543.3999999999999,Manhattan,Midtown Center,Yellow Zone,0.09513339705074896
230,168,18.901336621654004,27.216207283985735,141.98809523809524,312.20000000000005,Manhattan,Times Sq/Theatre District,Yellow Zone,0.1331191646029124
162,168,16.532312313675828,22.315622506549985,152.91071428571428,344.3,Manhattan,Midtown East,Yellow Zone,0.10811742258155393
68,168,15.304441513392717,21.434239979104383,111.78571428571429,209.0,Manhattan,East Chelsea,Yellow Zone,0.1369087419728422
163,168,14.922820478386035,21.91133432361123,125.17261904761905,274.7500000000001,Manhattan,Midtown North,Yellow Zone,0.11921792954343306
170,168,14.060792000901653,18.804925676411592,118.2202380952381,248.3,Manhattan,Murray Hill,Yellow Zone,0.1189372668119167
164,168,14.04139179613799,20.48731675603302,91.64285714285714,192.0,Manhattan,Midtown South,Yellow Zone,0.1532186166375151
79,168,13.894686923931781,24.007647943692575,98.5952380952381,337.35000000000014,Manhattan,East Village,Yellow Zone,0.14092655175202481
246,166,13.800979530595598,19.996659420958412,75.43373493975903,237.25,Manhattan,West Chelsea/Hudson Yards,Yellow Zone,0.18295500735336762
48,168,13.785650093249606,19.092859119511633,105.88095238095238,225.3,Manhattan,Clinton East,Yellow Zone,0.13019952865223375
43,156,13.191483136427877,19.100417006844356,67.87179487179488,145.5,Manhattan,Central Park,Yellow Zone,0.19435883729531062
234,167,13.131127333063064,20.382633621185793,113.91017964071857,243.39999999999998,Manhattan,Union Sq,Yellow Zone,0.11527615332079755
249,168,12.807777154177582,21.110400059039225,98.7202380952381,316.5500000000002,Manhattan,West Village,Yellow Zone,0.1297381104553412
239,167,12.522168556029168,17.748997931348395,117.36526946107784,222.79999999999995,Manhattan,Upper West Side South,Yellow Zone,0.10669398718657505
107,168,12.509338527042335,18.047226003555984,86.22619047619048,151.0,Manhattan,Gramercy,Yellow Zone,0.14507585755509542
238,166,11.468916319444205,17.106068740043405,87.16867469879519,169.0,Manhattan,Upper West Side North,Yellow Zone,0.1315715348326011
141,168,10.497588476835432,14.686072181223313,103.82738095238095,185.95000000000002,Manhattan,Lenox Hill West,Yellow Zone,0.10110616660599396
262,160,10.070271428997497,14.43353349047548,65.64375,145.34999999999988,Manhattan,Yorkville East,Yellow Zone,0.1534079242730267
100,168,9.7189821921886,14.119027542312894,65.23214285714286,113.65,Manhattan,Garment District,Yellow Zone,0.14899069333768453
263,168,9.653882344265233,13.145379298826837,84.91666666666667,151.65,Manhattan,Yorkville West,Yellow Zone,0.11368654379900175
114,166,9.503272767727758,14.719097202073968,58.86144578313253,198.75,Manhattan,Greenwich Village South,Yellow Zone,0.16145156887143666
140,168,9.457640662159577,12.932170765937585,94.0952380952381,208.0,Manhattan,Lenox Hill East,Yellow Zone,0.10051136331242465
90,168,9.233822949155215,14.331149319852845,67.70238095238095,136.65,Manhattan,Flatiron,Yellow Zone,0.13638845221189347
229,168,8.898506145156578,12.007969733497223,79.35714285714286,148.3,Manhattan,Sutton Place/Turtle Bay North,Yellow Zone,0.11213239066803968
143,160,8.614747416912412,13.886069775199864,50.7,103.09999999999997,Manhattan,Lincoln Square West,Yellow Zone,0.16991612262154657
231,166,8.35363846789853,12.12937636927675,56.3855421686747,115.75,Manhattan,TriBeCa/Civic Center,Yellow Zone,0.14815213522127738
148,166,7.884867035936892,14.40151734973153,43.06024096385542,198.25,Manhattan,Lower East Side,Yellow Zone,0.18311246893753835
158,159,7.486054842315901,11.66362687831517,37.698113207547166,105.39999999999998,Manhattan,Meatpacking/West Village West,Yellow Zone,0.19857903235372512
137,167,7.377333264367114,10.880963147784982,47.0,91.69999999999999,Manhattan,Kips Bay,Yellow Zone,0.15696453753972583
233,164,7.371687226584101,10.379637561900312,48.96341463414634,95.85,Manhattan,UN/Turtle Bay South,Yellow Zone,0.15055500686921452
144,158,7.284732413134223,10.047660710984088,37.651898734177216,109.05000000000004,Manhattan,Little Italy/NoLiTa,Yellow Zone,0.1934758314464964
113,165,6.8361266920069514,9.917207422890014,60.587878787878786,117.79999999999998,Manhattan,Greenwich Village North,Yellow Zone,0.11282993939993469
70,132,6.543252975692069,8.263684352191234,19.303030303030305,38.0,Queens,East Elmhurst,Boro Zone,0.3389754288820067
151,161,6.066224562181686,9.05624787286737,33.90683229813665,72.0,Manhattan,Manhattan Valley,Yellow Zone,0.1789086196210389
211,164,5.427857722069975,8.404118127676014,30.097560975609756,82.0,Manhattan,SoHo,Yellow Zone,0.18034211232161182
75,159,5.398705718733065,7.691586850407872,26.540880503144653,55.099999999999994,Manhattan,East Harlem South,Boro Zone,0.20341095006600884
50,163,5.097357397510103,6.846200773226916,21.950920245398773,42.900000000000006,Manhattan,Clinton West,Yellow Zone,0.2322161139726514
166,153,5.002849644172427,7.230554274496353,20.790849673202615,42.400000000000006,Manhattan,Morningside Heights,Boro Zone,0.2406274742402959
125,163,4.901159800214471,6.476072061267435,20.938650306748468,41.900000000000006,Manhattan,Hudson Sq,Yellow Zone,0.2340723842469847
87,154,4.815359557072825,7.002898975332805,19.084415584415584,42.39999999999998,Manhattan,Financial District North,Yellow Zone,0.25231894242572817
13,150,4.679869784502306,6.557086148044285,26.626666666666665,66.09999999999997,Manhattan,Battery Park City,Yellow Zone,0.1757587550514136
261,154,4.272638017679979,5.74536205907683,18.92207792207792,43.0,Manhattan,World Trade Center,Yellow Zone,0.22580173463373945
4,132,3.9633339072266103,7.978007724805647,7.598484848484849,44.349999999999966,Manhattan,Alphabet City,Yellow Zone,0.5215952898842597
88,150,3.2300913679758017,4.469088351408231,10.013333333333334,27.0,Manhattan,Financial District South,Yellow Zone,0.32257903142235034
24,152,3.208398483391625,4.422729333924084,11.493421052631579,24.0,Manhattan,Bloomingdale,Yellow Zone,0.27915086976275155
264,165,3.186534794068312,4.236659402605498,13.593939393939394,26.0,Unknown,,,0.23440848908661235
209,140,2.6845218594314155,3.7825774467358695,7.464285714285714,16.0,Manhattan,Seaport,Yellow Zone,0.35964886155062026
41,154,2.486384567348781,3.533202701521203,9.168831168831169,20.349999999999994,Manhattan,Central Harlem,Boro Zone,0.2711779202349237
74,155,2.4462579460321257,3.167408809974652,8.245161290322581,18.0,Manhattan,East Harlem North,Boro Zone,0.2966901264749448
45,138,2.290811348764444,3.0887494131935473,6.108695652173913,14.0,Manhattan,Chinatown,Yellow Zone,0.3750082634988058
224,149,2.1927775073925666,3.030342808211146,5.798657718120805,12.0,Manhattan,Stuy Town/Peter Cooper Village,Yellow Zone,0.3781526025480237
232,147,2.110641511242847,3.278797856051098,4.829931972789115,12.399999999999977,Manhattan,Two Bridges/Seward Park,Yellow Zone,0.43699197486295566
42,135,2.078938847933946,3.3734317974232617,4.4222222222222225,9.299999999999997,Manhattan,Central Harlem North,Boro Zone,0.47011179978405815
255,75,1.9881202057286198,3.533053260412866,3.52,16.0,Brooklyn,Williamsburg (North Side),Boro Zone,0.5648068766274488
226,152,1.5804351387865452,2.077489120157833,3.3157894736842106,8.0,Queens,Sunnyside,Boro Zone,0.47663916884038665
116,125,1.4667668236243678,2.0957389305027654,3.208,9.599999999999994,Manhattan,Hamilton Heights,Boro Zone,0.4572215784365236
152,127,1.4165443914228826,1.9248130507913375,2.8897637795275593,7.699999999999989,Manhattan,Manhattanville,Boro Zone,0.4901938357239948
97,111,1.310654006779232,2.170026229749852,2.5585585585585586,5.5,Brooklyn,Fort Greene,Boro Zone,0.5122626575792069
145,130,1.2321160203040924,1.7032748803981412,2.6153846153846154,6.0,Queens,Long Island City/Hunters Point,Boro Zone,0.47110318423391767
256,79,1.2234233956199125,2.3834212045694825,2.5443037974683542,8.0,Brooklyn,Williamsburg (South Side),Boro Zone,0.48084800126354776
33,107,1.216395092894839,1.8840714506492815,2.5981308411214954,5.699999999999989,Brooklyn,Brooklyn Heights,Boro Zone,0.46818084510700636
61,100,1.212821203589496,1.6986517028318853,2.26,6.049999999999997,Brooklyn,Crown Heights North,Boro Zone,0.5366465502608391
12,66,1.208298742973743,1.5771507158637494,2.378787878787879,6.0,Manhattan,Battery Park,Yellow Zone,0.5079472422692168
7,126,1.1795196620506043,1.5771768610515997,2.4126984126984126,5.0,Queens,Astoria,Boro Zone,0.4888798599288689
181,99,1.1684355178467287,1.9040702877007238,2.202020202020202,6.0,Brooklyn,Park Slope,Boro Zone,0.5306197993891107
195,27,1.1454879500809338,2.0091623780937007,2.185185185185185,7.699999999999999,Brooklyn,Red Hook,Boro Zone,0.5242063500370375
244,122,1.1327760526083743,1.4882071806909651,3.0491803278688523,7.0,Manhattan,Washington Heights South,Boro Zone,0.371501823704897
25,104,1.1146321297005106,1.5333729620740855,2.423076923076923,5.0,Brooklyn,Boerum Hill,Boro Zone,0.46000691067005206
146,123,1.089402522791152,1.3395263827968698,2.2357723577235773,4.0,Queens,Long Island City/Queens Plaza,Boro Zone,0.4872600374665879
112,58,1.0756733491671913,1.7514902088860071,2.2241379310344827,7.0,Brooklyn,Greenpoint,Boro Zone,0.4836360794705201
76,80,1.021883008596082,1.2579712665295133,2.3125,5.049999999999997,Brooklyn,East New York,Boro Zone,0.44189535506857597
65,123,0.996501303635085,1.2312872384189915,2.1219512195121952,5.0,Brooklyn,Downtown Brooklyn/MetroTech,Boro Zone,0.46961555688549983
80,63,0.9892745563656894,1.7065081253325436,2.126984126984127,5.0,Brooklyn,East Williamsburg,Boro Zone,0.46510669441073454
39,71,0.9424719743153219,1.2505073054188245,2.140845070422535,5.0,Brooklyn,Canarsie,Boro Zone,0.4402336195814991
91,51,0.9274931497330533,1.2875299776832934,1.9215686274509804,4.5,Brooklyn,Flatlands,Boro Zone,0.4826750064937318
52,64,0.9001922106659025,1.186486508415115,1.921875,5.0,Brooklyn,Cobble Hill,Boro Zone,0.4683926949806322
10,87,0.8880830143682922,1.0782626032721634,1.9425287356321839,4.0,Queens,Baisley Park,Boro Zone,0.4571788298819019
188,78,0.8821983856458562,1.1694311929444228,1.9743589743589745,4.0,Brooklyn,Prospect-Lefferts Gardens,Boro Zone,0.4468277537686804
197,63,0.8632594104643385,1.1661739207635626,1.6666666666666667,4.899999999999999,Queens,Richmond Hill,Boro Zone,0.5179556462786031
129,88,0.836924702959763,1.0749681388690773,1.6477272727272727,4.0,Queens,Jackson Heights,Boro Zone,0.5079267162790285
36,37,0.8081538228112766,1.233915063639593,1.7837837837837838,4.199999999999996,Brooklyn,Bushwick North,Boro Zone,0.45305593096995805
265,76,0.7865557094305008,0.8653215665606458,1.4210526315789473,3.0,,Outside of NYC,,0.5535021658955376
260,101,0.7830141262451303,0.9773207280873231,1.6633663366336633,4.0,Queens,Woodside,Boro Zone,0.47074063542117955
130,83,0.779783689159731,0.9850779747966214,1.6385542168674698,4.0,Queens,Jamaica,Boro Zone,0.4758973985313064
51,54,0.770537468540554,1.0113498364550344,1.5925925925925926,3.6999999999999886,Bronx,Co-Op City,Boro Zone,0.48382585233941766
72,53,0.7670561237346495,1.0295300354695422,1.679245283018868,3.0,Brooklyn,East Flatbush/Remsen Village,Boro Zone,0.45678623098804966
222,34,0.7663735410291678,0.9736764126305774,1.6176470588235294,4.0,Brooklyn,Starrett City,Boro Zone,0.4737581889998492
35,61,0.765436562264089,0.8805258994234532,1.7049180327868851,4.0,Brooklyn,Brownsville,Boro Zone,0.4489579836356676
93,68,0.7567587955130274,0.9713860050166245,1.6470588235294117,3.0,Queens,Flushing Meadows-Corona Park,Boro Zone,0.45946069727576666
37,73,0.7564109184587007,1.5535614873674346,1.63013698630137,3.0,Brooklyn,Bushwick South,Boro Zone,0.46401678191163986
89,70,0.7475239825874488,1.088230196905489,1.7,3.0,Brooklyn,Flatbush/Ditmas Park,Boro Zone,0.43971998975732285
193,76,0.7463486007178604,0.9184530766588161,1.5789473684210527,3.25,Queens,Queensbridge/Ravenswood,Boro Zone,0.47268744712131155
66,75,0.7397983971011841,0.949611636532122,1.6933333333333334,3.299999999999997,Brooklyn,DUMBO/Vinegar Hill,Boro Zone,0.43688881718573863
40,49,0.7347259703460954,0.901906719349048,1.6122448979591837,3.5999999999999943,Brooklyn,Carroll Gardens,Boro Zone,0.4557161081893503
131,28,0.7330049955766041,1.0249453613816457,1.6428571428571428,4.0,Queens,Jamaica Estates,Boro Zone,0.44617695382923733
223,83,0.7206322584019114,0.8705044004191864,1.5301204819277108,3.0,Queens,Steinway,Boro Zone,0.4709643893492807
71,50,0.7149240563648374,0.895405486845792,1.74,3.549999999999997,Brooklyn,East Flatbush/Farragut,Boro Zone,0.4108758944625502
215,72,0.7071806915854567,0.9209650256998774,1.5833333333333333,3.0,Queens,South Jamaica,Boro Zone,0.4466404367908148
157,44,0.6783134186489275,1.064539896785978,1.6590909090909092,4.700000000000003,Queens,Maspeth,Boro Zone,0.40884644411716176
225,59,0.6778585140814176,0.8835152196458612,1.6271186440677967,3.0999999999999943,Brooklyn,Stuyvesant Heights,Boro Zone,0.41660054511253786
216,71,0.6759037879485631,0.825756529115644,1.619718309859155,3.0,Queens,South Ozone Park,Boro Zone,0.4172971212551998
243,55,0.6716363904502362,0.8110832782095675,1.490909090909091,3.299999999999997,Manhattan,Washington Heights North,Boro Zone,0.45048782286296324
62,57,0.6705110204829144,0.7885701153402568,1.5087719298245614,3.0,Brooklyn,Crown Heights South,Boro Zone,0.44440846706425724
179,81,0.6655325775821668,0.8274463664475808,1.4567901234567902,3.0,Queens,Old Astoria,Boro Zone,0.45684863376402973
95,57,0.6637230200082199,0.8823976916832611,1.4035087719298245,2.1999999999999957,Queens,Forest Hills,Boro Zone,0.4729026517558567
69,45,0.6557585708365637,0.8365199899420391,1.488888888888889,3.0,Bronx,East Concourse/Concourse Village,Boro Zone,0.44043486100963236
17,66,0.6376504566236048,0.8046995825241167,1.5303030303030303,3.0,Brooklyn,Bedford,Boro Zone,0.41668247660552393
168,71,0.6282274960619534,0.7667351502373847,1.3943661971830985,3.0,Bronx,Mott Haven/Port Morris,Boro Zone,0.4505469921252393
54,14,0.6244254800815394,0.6687614830526354,1.0714285714285714,1.3499999999999996,Brooklyn,Columbia Street,Boro Zone,0.5827971147427702
86,50,0.6216219795926212,0.8721558197007829,1.4,3.0,Queens,Far Rockaway,Boro Zone,0.44401569970901517
49,67,0.6142651229899514,0.8261581435270784,1.507462686567164,3.0,Brooklyn,Clinton Hill,Boro Zone,0.40748280435967077
134,44,0.6124136375067857,0.7965571247676952,1.3636363636363635,3.0,Queens,Kew Gardens,Boro Zone,0.4491033341716429
26,31,0.6077497303647493,0.814839082378817,1.3548387096774193,3.0,Brooklyn,Borough Park,Boro Zone,0.4485771819358864
165,39,0.5970840747876035,0.7756889588057858,1.435897435897436,3.0,Brooklyn,Midwood,Boro Zone,0.41582640922708103
177,49,0.5956051444091016,0.6802166300146684,1.510204081632653,3.0,Brooklyn,Ocean Hill,Boro Zone,0.3943871902168376
218,44,0.5882349481484431,0.7179438599010962,1.3636363636363635,3.0,Queens,Springfield Gardens North,Boro Zone,0.43137229530885834
28,62,0.5879122773926423,0.7546626422882085,1.435483870967742,3.0,Queens,Briarwood/Jamaica Hills,Boro Zone,0.4095568673971216
101,5,0.5829455366064764,0.586622480202406,1.0,1.0,Queens,Glen Oaks,Boro Zone,0.5829455366064764
205,46,0.5774130660580049,0.695112594059235,1.5869565217391304,3.0,Queens,Saint Albans,Boro Zone,0.363849329296825
153,7,0.5703868376443034,0.6044579603173914,1.0,1.0,Manhattan,Marble Hill,Boro Zone,0.5703868376443034
82,66,0.5596894746190115,0.6428238368690885,1.378787878787879,2.0,Queens,Elmhurst,Boro Zone,0.40592862994345885
55,43,0.5533944842312257,0.668893858441079,1.3255813953488371,2.0,Brooklyn,Coney Island,Boro Zone,0.41747303196390717
191,37,0.5531519327408393,0.6857510417630284,1.4324324324324325,3.0,Queens,Queens Village,Boro Zone,0.38616267002662363
167,42,0.5252054279718725,0.7215990503237119,1.3571428571428572,2.0,Bronx,Morrisania/Melrose,Boro Zone,0.3869934732424324
117,34,0.5244205339336131,0.6563625109570991,1.4411764705882353,3.0,Queens,Hammels/Arverne,Boro Zone,0.3638836357906703
77,39,0.518063345413949,0.613529771224836,1.3333333333333333,3.0,Brooklyn,East New York/Pennsylvania Avenue,Boro Zone,0.3885475090604618
247,50,0.5164223775413735,0.6029320185979191,1.42,2.549999999999997,Bronx,West Concourse,Boro Zone,0.3636777306629391
14,54,0.5147583353535934,0.6535448995190585,1.3888888888888888,2.3499999999999943,Brooklyn,Bay Ridge,Boro Zone,0.37062600145458724
219,62,0.5063958473542993,0.596614767930009,1.3387096774193548,3.0,Queens,Springfield Gardens South,Boro Zone,0.37827159681887423
213,40,0.5041050889724847,0.5866118667583385,1.375,2.049999999999997,Bronx,Soundview/Castle Hill,Boro Zone,0.3666218828890798
85,26,0.48849601396012804,0.5696075332166017,1.3076923076923077,2.0,Brooklyn,Erasmus,Boro Zone,0.3735557753812744
16,9,0.48727108477624814,0.6725020254946776,1.2222222222222223,2.1999999999999993,Queens,Bayside,Boro Zone,0.3986763420896575
98,9,0.4784309363920204,0.5165091208405769,1.3333333333333333,2.0,Queens,Fresh Meadows,Boro Zone,0.3588232022940153
189,54,0.47344573412175145,0.559935993287115,1.3518518518518519,2.3499999999999943,Brooklyn,Prospect Heights,Boro Zone,0.3502201320900627
139,29,0.47139968557146394,0.625615113152569,1.2413793103448276,2.599999999999998,Queens,Laurelton,Boro Zone,0.3797386355992348
241,27,0.46793180431099696,0.643511278684304,1.2592592592592593,2.6999999999999993,Bronx,Van Cortlandt Village,Boro Zone,0.37159290342343876
9,5,0.4627184628193509,0.5071745923775011,1.2,1.7999999999999998,Queens,Auburndale,Boro Zone,0.3855987190161258
22,22,0.46171987771593004,0.5593900177488245,1.3181818181818181,2.0,Brooklyn,Bensonhurst West,Boro Zone,0.3502702520603607
242,39,0.461395181478554,0.6126317899611533,1.2820512820512822,3.0,Bronx,Van Nest/Morris Park,Boro Zone,0.3598882415532721
258,28,0.4601481407257377,0.5361226957207926,1.2142857142857142,2.0,Queens,Woodhaven,Boro Zone,0.37894552765648987
56,35,0.4508149779768288,0.5398334430903716,1.2,2.0,Queens,Corona,Boro Zone,0.375679148314024
159,41,0.44088415295027034,0.5101928736580177,1.2195121951219512,2.0,Bronx,Melrose South,Boro Zone,0.36152500541922167
53,8,0.4394182019602543,0.4697585021849205,1.125,1.6499999999999995,Queens,College Point,Boro Zone,0.3905939572980038
198,32,0.4383412780822914,0.6302947350428628,1.21875,2.0,Queens,Ridgewood,Boro Zone,0.3596646384264955
127,32,0.4289275279631972,0.541933326016043,1.3125,2.0,Manhattan,Inwood,Boro Zone,0.3268019260671979
34,13,0.4286753123809409,0.4369875483651548,1.1538461538461537,2.0,Brooklyn,Brooklyn Navy Yard,Boro Zone,0.37151860406348214
254,38,0.42859511939472483,0.5244585458664571,1.3421052631578947,2.1499999999999986,Bronx,Williamsbridge/Olinville,Boro Zone,0.3193453830784224
47,31,0.4264487482212671,0.5588808473871225,1.1935483870967742,2.5,Bronx,Claremont/Bathgate,Boro Zone,0.35729489715835894
92,34,0.42564965018115053,0.5164645168396986,1.3235294117647058,2.0,Queens,Flushing,Boro Zone,0.3216019579146471
11,15,0.4245903051368322,0.44936857907920125,1.2,2.0,Brooklyn,Bath Beach,Boro Zone,0.3538252542806935
202,22,0.42435721618668226,0.6638574984699837,1.2272727272727273,2.0,Manhattan,Roosevelt Island,Boro Zone,0.34577254652248185
235,35,0.4222347478351571,0.46238873424790006,1.2571428571428571,2.0,Bronx,University Heights/Morris Heights,Boro Zone,0.3358685494143295
192,11,0.42199484068413895,0.7263130812607757,1.2727272727272727,2.5,Queens,Queensboro Hill,Boro Zone,0.33156737482325205
196,35,0.4198002908282485,0.4868522185143762,1.3142857142857143,2.0,Queens,Rego Park,Boro Zone,0.31941326476062387
182,31,0.41626721089276963,0.48094400922045605,1.3225806451612903,2.0,Bronx,Parkchester,Boro Zone,0.3147386228701429
155,40,0.41333406694173036,0.4980231090225475,1.2,2.0,Brooklyn,Marine Park/Mill Basin,Boro Zone,0.3444450557847753
203,34,0.40215045330839655,0.4340838190045485,1.1470588235294117,2.0,Queens,Rosedale,Boro Zone,0.35059270288424316
121,30,0.39745399854438757,0.4292622339925017,1.2,2.0,Queens,Hillcrest/Pomonok,Boro Zone,0.3312116654536563
248,24,0.3958300269827046,0.5154269366255414,1.25,2.0,Bronx,West Farms/Bronx River,Boro Zone,0.3166640215861637
174,22,0.3941757162629065,0.4522933048063781,1.2272727272727273,2.0,Bronx,Norwood,Boro Zone,0.3211802132512571
123,32,0.39204120670811343,0.6398380055234232,1.15625,2.0,Brooklyn,Homecrest,Boro Zone,0.3390626652610711
169,50,0.3906611769895173,0.4604250128833302,1.14,2.0,Bronx,Mount Hope,Boro Zone,0.3426852429732608
178,10,0.3869946367598438,0.4568363602806438,1.2,2.0,Brooklyn,Ocean Parkway South,Boro Zone,0.3224955306332032
212,25,0.3839344037184359,0.4189368630446379,1.12,2.0,Bronx,Soundview/Bruckner,Boro Zone,0.3427985747486034
133,24,0.38391396645858605,0.500233530732264,1.2083333333333333,2.0,Brooklyn,Kensington,Boro Zone,0.31772190327607125
32,19,0.3824981614737316,0.40737228712577805,1.105263157894737,2.0,Bronx,Bronxdale,Boro Zone,0.3460697651429
29,30,0.38218972935560414,0.408007898149236,1.1666666666666667,2.0,Brooklyn,Brighton Beach,Boro Zone,0.32759119659051783
78,34,0.38005427552154,0.40002119212532056,1.1176470588235294,2.0,Bronx,East Tremont,Boro Zone,0.3400485623087463
67,21,0.37381942054672,0.42868935751695897,1.1904761904761905,2.0,Brooklyn,Dyker Heights,Boro Zone,0.31400831325924483
73,7,0.37366275422552986,0.3791728264528377,1.1428571428571428,1.6999999999999993,Queens,East Flushing,Boro Zone,0.32695490994733867
154,17,0.37197861388212033,0.4241907449441257,1.1764705882352942,2.0,Brooklyn,Marine Park/Floyd Bennett Field,Boro Zone,0.31618182179980225
136,28,0.36903591994402335,0.4110154271542974,1.1785714285714286,2.0,Bronx,Kingsbridge Heights,Boro Zone,0.3131213866191713
210,38,0.36617298919256297,0.40015381276934453,1.131578947368421,2.0,Brooklyn,Sheepshead Bay,Boro Zone,0.3235947346352882
106,35,0.36391632890632,0.4820045628451224,1.1714285714285715,2.0,Brooklyn,Gowanus,Boro Zone,0.3106602807736878
227,21,0.3629108866756095,0.5092913259691947,1.1428571428571428,2.0,Brooklyn,Sunset Park East,Boro Zone,0.31754702584115835
194,19,0.35987574826354696,0.4067419995618787,1.1578947368421053,2.0,Manhattan,Randalls Island,Yellow Zone,0.3108017825912451
18,30,0.35723120297379213,0.39814696062781507,1.2,2.0,Bronx,Bedford Park,Boro Zone,0.2976926691448268
122,16,0.3529418047317635,0.3975574463613268,1.0625,1.25,Queens,Hollis,Boro Zone,0.3321805221004833
183,9,0.3518397785346854,0.37503285782436163,1.1111111111111112,1.5999999999999996,Bronx,Pelham Bay,Boro Zone,0.31665580068121685
102,14,0.34990070810960994,0.4058127900729734,1.1428571428571428,2.0,Queens,Glendale,Boro Zone,0.3061631195959087
149,25,0.346855563891594,0.38378212141639184,1.08,1.7999999999999972,Brooklyn,Madison,Boro Zone,0.3211625591588833
259,14,0.3467545127975457,0.3772910626739325,1.0714285714285714,1.3499999999999996,Bronx,Woodlawn/Wakefield,Boro Zone,0.3236375452777093
38,22,0.34674739014688344,0.4989711271765055,1.1818181818181819,2.0,Queens,Cambria Heights,Boro Zone,0.2934016378165937
217,15,0.3466783582409571,0.3926845342812055,1.2,2.0,Brooklyn,South Williamsburg,Boro Zone,0.2888986318674643
185,19,0.34446165390671313,0.3921761708303422,1.105263157894737,2.0,Bronx,Pelham Parkway,Boro Zone,0.31165578210607375
250,24,0.340007155930149,0.38168154164542045,1.0833333333333333,1.8499999999999979,Bronx,Westchester Village/Unionport,Boro Zone,0.31385275932013756
63,35,0.33996588683175466,0.36740772748260475,1.0857142857142856,2.0,Brooklyn,Cypress Hills,Boro Zone,0.3131264747134583
228,33,0.33750424724933326,0.3676551942088823,1.0909090909090908,2.0,Brooklyn,Sunset Park West,Boro Zone,0.30937889331188884
81,21,0.3366184873749031,0.47619020073316537,1.1904761904761905,2.0,Bronx,Eastchester,Boro Zone,0.2827595293949186
220,29,0.33590234224001947,0.44829989444621365,1.103448275862069,1.5999999999999979,Bronx,Spuyten Duyvil/Kingsbridge,Boro Zone,0.3044114976550176
119,29,0.3356527568607978,0.37941999869435306,1.1379310344827587,2.0,Bronx,Highbridge,Boro Zone,0.2949675742110041
252,11,0.33517083242393886,0.3748955128798897,1.0909090909090908,1.5,Queens,Whitestone,Boro Zone,0.30723992972194397
21,27,0.3341124935271259,0.4193109369347737,1.2222222222222223,2.0,Brooklyn,Bensonhurst East,Boro Zone,0.2733647674312848
15,5,0.32649223972214414,0.37134008935162155,1.0,1.0,Queens,Bay Terrace/Fort Totten,Boro Zone,0.32649223972214414
108,21,0.32623275689830333,0.38096719022976033,1.0952380952380953,2.0,Brooklyn,Gravesend,Boro Zone,0.29786469108105956
19,17,0.3219087281349089,0.3525120562131832,1.0,1.0,Queens,Bellerose,Boro Zone,0.3219087281349089
126,20,0.3208839075509769,0.36382013475679703,1.05,1.0500000000000007,Bronx,Hunts Point,Boro Zone,0.30560372147712084
150,17,0.3146949638529635,0.36965481577665954,1.1176470588235294,2.0,Brooklyn,Manhattan Beach,Boro Zone,0.2815691781842305
83,24,0.3128109845263396,0.3402932468574893,1.0416666666666667,1.0,Queens,Elmhurst/Maspeth,Boro Zone,0.300298545145286
171,13,0.30535349540077567,0.3497005967377796,1.0769230769230769,1.3999999999999986,Queens,Murray Hill-Queens,Boro Zone,0.28354253144357744
20,25,0.3022332465191444,0.3889984705265637,1.2,2.0,Bronx,Belmont,Boro Zone,0.25186103876595367
190,13,0.2994108142919139,0.32331094726687637,1.0,1.0,Brooklyn,Prospect Park,Boro Zone,0.2994108142919139
124,19,0.2970761733941505,0.3196362613761055,1.0526315789473684,1.0999999999999979,Queens,Howard Beach,Boro Zone,0.28222236472444295
207,9,0.28931302167046563,0.3135486610999377,1.0,1.0,Queens,Saint Michaels Cemetery/Woodside,Boro Zone,0.28931302167046563
160,19,0.2812953269842451,0.3093016574751059,1.0526315789473684,1.0999999999999979,Queens,Middle Village,Boro Zone,0.26723056063503287
201,15,0.2761810694581623,0.3403057796657353,1.1333333333333333,2.0,Queens,Rockaway Park,Boro Zone,0.24368917893367262
180,11,0.2760019130276438,0.30716869661084323,1.0909090909090908,1.5,Queens,Ozone Park,Boro Zone,0.2530017536086735
135,28,0.26962925275968297,0.29071719095331766,1.0357142857142858,1.0,Queens,Kew Gardens Hills,Boro Zone,0.2603316923196939
173,7,0.25926537867746896,0.29691584096352003,1.0,1.0,Queens,North Corona,Boro Zone,0.25926537867746896
147,20,0.24331717367543643,0.310492488248926,1.1,2.0,Bronx,Longwood,Boro Zone,0.2211974306140331
64,5,0.23927488358645874,0.2666534388156265,1.0,1.0,Queens,Douglaston,Boro Zone,0.23927488358645874
175,10,0.2338438159888221,0.3021785240775147,1.1,1.549999999999999,Queens,Oakland Gardens,Boro Zone,0.2125852872625655
94,24,0.22985144757002793,0.2875056128847714,1.0833333333333333,1.8499999999999979,Bronx,Fordham South,Boro Zone,0.2121705669877181
200,16,0.2277770336380559,0.24355146827493002,1.0,1.0,Bronx,Riverdale/North Riverdale/Fieldston,Boro Zone,0.2277770336380559
1,5,0.2218008473757862,0.23096101936400515,1.0,1.0,EWR,Newark Airport,EWR,0.2218008473757862
60,18,0.21315217426167568,0.2662791349522005,1.0555555555555556,1.1499999999999986,Bronx,Crotona Park East,Boro Zone,0.20193363877421905
208,16,0.20341365580921095,0.2422304726776351,1.0,1.0,Bronx,Schuylerville/Edgewater Park,Boro Zone,0.20341365580921095
3,18,0.2011388479110115,0.23212874505192044,1.0,1.0,Bronx,Allerton/Pelham Gardens,Boro Zone,0.2011388479110115
257,11,0.19755306156294863,0.2326969615761241,1.0,1.0,Brooklyn,Windsor Terrace,Boro Zone,0.19755306156294863
